exp,bin_ms,pipeline,kind,n_neurons,pc95,pr,top_frac
NPBI,1,raw,real,70,60,42.27199018171135,0.075829926770482
NPBI,1,paper,real,70,49,6.947550781267967,0.3514294100841137
NPBI,5,raw,real,70,59,31.000903318864136,0.12310122124890267
NPBI,5,paper,real,70,49,7.167347549079112,0.3452513723655367
NPBI,10,raw,real,70,59,22.693521177188035,0.16514087126212706
NPBI,10,paper,real,70,49,6.920882532910524,0.3546233504440515
NPBI,50,raw,real,70,56,11.703417905876897,0.263817111774458
NPBI,50,paper,real,70,35,5.808608645953967,0.3841811352789828
NPBI,100,raw,real,70,56,10.449834301181115,0.2816839759874436
NPBI,100,paper,real,70,26,9.847657545839708,0.21732715418047802
NPBI,300,raw,real,70,53,7.960063734653257,0.3305833040840511
NPBI,300,paper,real,70,11,5.227606396588346,0.3647016376970497
NPBI,1,raw,null,70,61,43.9406959995558,0.0690294457312758
NPBI,1,paper,null,70,56,33.72969725774815,0.08715434425568874
NPBI,5,raw,null,70,61,43.404541135573155,0.07175311069327467
NPBI,5,paper,null,70,56,33.66587557505108,0.08788259298525415
NPBI,10,raw,null,70,60,41.23210041578056,0.07639730754974142
NPBI,10,paper,null,70,57,34.701351985353284,0.08672768548053951
NPBI,50,raw,null,70,59,32.13511677448682,0.10821234094952346
NPBI,50,paper,null,70,43,20.096493188255636,0.14660617723087563
NPBI,100,raw,null,70,58,24.48448120690096,0.15059999255373327
NPBI,100,paper,null,70,29,12.975077953071331,0.2043930510339002
NPBI,300,raw,null,70,53,7.960063734653257,0.3305833040840511
NPBI,300,paper,null,70,11,5.227606396588346,0.3647016376970497
NPBI,1,raw,null,70,61,43.94201016506735,0.06903070412276562
NPBI,1,paper,null,70,57,35.04946645028401,0.08486299354290158
NPBI,5,raw,null,70,61,43.49954528036575,0.07102031639109566
NPBI,5,paper,null,70,57,35.1635969488616,0.08498554124041885
NPBI,10,raw,null,70,60,41.08626048239946,0.07715450714559953
NPBI,10,paper,null,70,57,36.250594181332914,0.08178427263270888
NPBI,50,raw,null,70,59,32.590137285239884,0.10626369700922206
NPBI,50,paper,null,70,43,21.16252507143424,0.13404183525139826
NPBI,100,raw,null,70,58,24.38075895231099,0.15104020800405218
NPBI,100,paper,null,70,29,13.329581062618093,0.19712242994879742
NPBI,300,raw,null,70,53,7.960063734653257,0.3305833040840511
NPBI,300,paper,null,70,11,5.227606396588346,0.3647016376970497
NPBI,1,raw,null,70,61,43.94038071863493,0.0690321222243926
NPBI,1,paper,null,70,57,34.99117455827592,0.08016308132201379
NPBI,5,raw,null,70,60,43.525318897696266,0.07106588050853206
NPBI,5,paper,null,70,57,35.01315678430482,0.08081137643142262
NPBI,10,raw,null,70,60,41.143161710217804,0.07641215676505338
NPBI,10,paper,null,70,57,35.864172688678096,0.07784809991043257
NPBI,50,raw,null,70,59,32.394325971796704,0.10745652395469049
NPBI,50,paper,null,70,43,20.55387050806389,0.13897472061402044
NPBI,100,raw,null,70,58,24.009937989320175,0.1527918901336885
NPBI,100,paper,null,70,30,12.362191188944063,0.20891656413165144
NPBI,300,raw,null,70,53,7.960063734653257,0.3305833040840511
NPBI,300,paper,null,70,11,5.227606396588346,0.3647016376970497
NPBI,1,raw,null,70,61,43.942627826356876,0.06902833603291933
NPBI,1,paper,null,70,56,34.70177028813301,0.08164435686329234
NPBI,5,raw,null,70,60,43.435378561269154,0.07135612655980926
NPBI,5,paper,null,70,56,34.77384088703705,0.08195110178029347
NPBI,10,raw,null,70,60,41.1370884964494,0.0758436822779292
NPBI,10,paper,null,70,57,36.110510819500014,0.07697224095548047
NPBI,50,raw,null,70,59,32.203654356888556,0.10722252260233683
NPBI,50,paper,null,70,43,22.48378527379756,0.12744232166919583
NPBI,100,raw,null,70,58,24.17011629891709,0.15130538672235871
NPBI,100,paper,null,70,29,13.351750312076536,0.1982809137072047
NPBI,300,raw,null,70,53,7.960063734653257,0.3305833040840511
NPBI,300,paper,null,70,11,5.227606396588346,0.3647016376970497
NPBI,1,raw,null,70,61,43.94212437058705,0.06902395831796623
NPBI,1,paper,null,70,56,34.372088094844806,0.08538363770255668
NPBI,5,raw,null,70,60,43.58967462441845,0.07091568295693723
NPBI,5,paper,null,70,56,34.272081635715274,0.08655063405833897
NPBI,10,raw,null,70,60,41.12210421070227,0.07668110591939505
NPBI,10,paper,null,70,57,35.76966454803227,0.08325453856636864
NPBI,50,raw,null,70,59,32.31433099569897,0.1065918803307612
NPBI,50,paper,null,70,42,21.012520268073057,0.12720027662128672
NPBI,100,raw,null,70,58,24.41700549978735,0.15022559163154398
NPBI,100,paper,null,70,28,12.729568787211143,0.1973010078083932
NPBI,300,raw,null,70,53,7.960063734653257,0.3305833040840511
NPBI,300,paper,null,70,11,5.227606396588346,0.3647016376970497
NPBI,1,raw,null,70,61,43.94260470927283,0.06903043232539798
NPBI,1,paper,null,70,57,34.55510884337049,0.086503205110025
NPBI,5,raw,null,70,60,43.34179037744824,0.07193521382466145
NPBI,5,paper,null,70,57,34.31184376318533,0.08761168117917521
NPBI,10,raw,null,70,60,41.08356098581983,0.07700568060496159
NPBI,10,paper,null,70,57,35.56980034579761,0.08425148260625949
NPBI,50,raw,null,70,59,32.19553325681617,0.10815481833093507
NPBI,50,paper,null,70,43,20.801795817776373,0.13803711119843576
NPBI,100,raw,null,70,58,24.246998359181823,0.15211698434088075
NPBI,100,paper,null,70,29,12.83583795663951,0.20341490370792975
NPBI,300,raw,null,70,53,7.960063734653257,0.3305833040840511
NPBI,300,paper,null,70,11,5.227606396588346,0.3647016376970497
NPBI,1,raw,null,70,61,43.94267942711453,0.06902656264827477
NPBI,1,paper,null,70,57,35.02827292822608,0.07989736882959324
NPBI,5,raw,null,70,60,43.47994315399379,0.07134516428464456
NPBI,5,paper,null,70,57,34.93943792144963,0.07996257651392154
NPBI,10,raw,null,70,60,41.241562782033355,0.07620186015865776
NPBI,10,paper,null,70,57,36.2783318019533,0.07658699767948844
NPBI,50,raw,null,70,59,32.08416907668637,0.10848475161771623
NPBI,50,paper,null,70,43,20.575014514420623,0.13785142996995084
NPBI,100,raw,null,70,58,24.205547556918837,0.15208695782782986
NPBI,100,paper,null,70,29,12.482913384631821,0.20764939398819046
NPBI,300,raw,null,70,53,7.960063734653257,0.3305833040840511
NPBI,300,paper,null,70,11,5.227606396588346,0.3647016376970497
NPBI,1,raw,null,70,61,43.94202725424432,0.0690343292400657
NPBI,1,paper,null,70,57,34.69817048921438,0.08795174931499984
NPBI,5,raw,null,70,60,43.614836311572226,0.07104780926437579
NPBI,5,paper,null,70,57,34.747792402070125,0.08838626328036601
NPBI,10,raw,null,70,60,41.14440233004575,0.07690051738478346
NPBI,10,paper,null,70,57,35.84774709707539,0.08449769318282405
NPBI,50,raw,null,70,59,32.17742856076137,0.10762396435420536
NPBI,50,paper,null,70,43,21.379381340543468,0.12798361411552042
NPBI,100,raw,null,70,58,24.18493416960934,0.15122594097430916
NPBI,100,paper,null,70,30,13.117176791680485,0.19877415071631654
NPBI,300,raw,null,70,53,7.960063734653257,0.3305833040840511
NPBI,300,paper,null,70,11,5.227606396588346,0.3647016376970497
NPBI,1,raw,null,70,61,43.94219131602387,0.0690296428843489
NPBI,1,paper,null,70,56,32.54258860254455,0.09861671180898907
NPBI,5,raw,null,70,60,43.46331609608086,0.07143812313191632
NPBI,5,paper,null,70,56,32.59482308809607,0.09795658480075589
NPBI,10,raw,null,70,60,41.3557835918239,0.07619385458266545
NPBI,10,paper,null,70,57,34.23367347525343,0.09181664251635717
NPBI,50,raw,null,70,59,32.29628586640222,0.10798657364761782
NPBI,50,paper,null,70,42,20.014475141461464,0.13324388381464866
NPBI,100,raw,null,70,58,24.007784921821735,0.15354114920619047
NPBI,100,paper,null,70,30,12.93042834978859,0.19376062821525286
NPBI,300,raw,null,70,53,7.960063734653257,0.3305833040840511
NPBI,300,paper,null,70,11,5.227606396588346,0.3647016376970497
NPBI,1,raw,null,70,61,43.9418903975401,0.06902520608992464
NPBI,1,paper,null,70,56,34.11520691055699,0.08399683206664785
NPBI,5,raw,null,70,60,43.60715450583129,0.07092267624490653
NPBI,5,paper,null,70,56,34.26247130534634,0.0835545567376975
NPBI,10,raw,null,70,60,41.41024209845701,0.07574435866857276
NPBI,10,paper,null,70,57,35.47491232506607,0.08281125753539116
NPBI,50,raw,null,70,59,32.44217053846263,0.10625282849631773
NPBI,50,paper,null,70,42,21.838801493782753,0.12412236140454311
NPBI,100,raw,null,70,58,24.460779970356196,0.15045509658546496
NPBI,100,paper,null,70,29,13.423964122241431,0.19262711531511262
NPBI,300,raw,null,70,53,7.960063734653257,0.3305833040840511
NPBI,300,paper,null,70,11,5.227606396588346,0.3647016376970497
NPBK,1,raw,real,40,31,23.901181924412242,0.08063190424377634
NPBK,1,paper,real,40,24,6.365949141631779,0.30966055686242827
NPBK,5,raw,real,40,31,22.790680648128856,0.09974145571927864
NPBK,5,paper,real,40,24,6.34028249041537,0.310371396000287
NPBK,10,raw,real,40,30,20.114661578581465,0.1304085524881311
NPBK,10,paper,real,40,25,6.88403769322752,0.2955985419226496
NPBK,50,raw,real,40,28,12.109733673535878,0.21656705225153897
NPBK,50,paper,real,40,14,3.743752260953654,0.41855440175636216
NPBK,100,raw,real,40,27,10.698917206733078,0.2177067603985325
NPBK,100,paper,real,40,9,3.0382913246501015,0.46942722824669186
NPBK,300,raw,real,40,25,9.379910494199311,0.2222892634319601
NPBK,300,paper,real,40,6,2.540034788558082,0.5164905995904702
NPBK,1,raw,null,40,31,23.981799587929732,0.078976838799343
NPBK,1,paper,null,40,25,6.106590150522888,0.3209594906242251
NPBK,5,raw,null,40,31,23.877510834692316,0.08233425700358725
NPBK,5,paper,null,40,24,6.134410932284754,0.31980752356032616
NPBK,10,raw,null,40,30,22.957038223614713,0.09022950390890751
NPBK,10,paper,null,40,25,6.683760360408689,0.303916436106831
NPBK,50,raw,null,40,29,18.044531489972847,0.11730341531729226
NPBK,50,paper,null,40,16,3.586609351453818,0.43098205161475966
NPBK,100,raw,null,40,28,15.700405508941694,0.1264485124860852
NPBK,100,paper,null,40,10,2.972341994248205,0.47565641412563403
NPBK,300,raw,null,40,25,9.379910494199311,0.2222892634319601
NPBK,300,paper,null,40,6,2.540034788558082,0.5164905995904702
NPBK,1,raw,null,40,31,23.982463307008576,0.07896744629760315
NPBK,1,paper,null,40,24,6.166462987140711,0.31859059186017763
NPBK,5,raw,null,40,31,23.871602839909002,0.0827376331877043
NPBK,5,paper,null,40,24,6.181322678780992,0.31810812895945717
NPBK,10,raw,null,40,30,22.874701433896742,0.09044980955953011
NPBK,10,paper,null,40,25,6.767243778603687,0.3020411991163713
NPBK,50,raw,null,40,29,17.71397554269708,0.12257200431471085
NPBK,50,paper,null,40,15,3.5860078947253493,0.42923117765215923
NPBK,100,raw,null,40,28,15.32895275234369,0.12902748459605412
NPBK,100,paper,null,40,10,2.9519364125579335,0.4771045542863359
NPBK,300,raw,null,40,25,9.379910494199311,0.2222892634319601
NPBK,300,paper,null,40,6,2.540034788558082,0.5164905995904702
NPBK,1,raw,null,40,31,23.98241297861942,0.07896839588682174
NPBK,1,paper,null,40,24,6.15136142518502,0.3190429033583761
NPBK,5,raw,null,40,31,23.86402774347517,0.08354910138551322
NPBK,5,paper,null,40,24,6.139617630938753,0.3196906355466773
NPBK,10,raw,null,40,30,22.734297462824564,0.09226151843028613
NPBK,10,paper,null,40,25,6.71051625151238,0.30386420214023346
NPBK,50,raw,null,40,29,17.69530028189614,0.12095294013975297
NPBK,50,paper,null,40,15,3.5708716596301184,0.4313955988502009
NPBK,100,raw,null,40,28,15.40265012574661,0.12904014578872178
NPBK,100,paper,null,40,10,2.9743859949691545,0.47530574203481296
NPBK,300,raw,null,40,25,9.379910494199311,0.2222892634319601
NPBK,300,paper,null,40,6,2.540034788558082,0.5164905995904702
NPBK,1,raw,null,40,31,23.98197793322735,0.07896201513625553
NPBK,1,paper,null,40,24,6.061038427315211,0.32113791599515856
NPBK,5,raw,null,40,31,23.833316201295453,0.08245255525335919
NPBK,5,paper,null,40,24,6.051422308603064,0.3217198628001192
NPBK,10,raw,null,40,30,22.854777973994942,0.09214586895646872
NPBK,10,paper,null,40,25,6.640506259029785,0.30380454172945703
NPBK,50,raw,null,40,29,17.81475093705173,0.11841608909761928
NPBK,50,paper,null,40,15,3.56616140048865,0.4311214192400452
NPBK,100,raw,null,40,28,15.558777292584049,0.12795547238924623
NPBK,100,paper,null,40,10,2.9675127817394076,0.476066185590042
NPBK,300,raw,null,40,25,9.379910494199311,0.2222892634319601
NPBK,300,paper,null,40,6,2.540034788558082,0.5164905995904702
NPBK,1,raw,null,40,31,23.982756949716585,0.07897134749073254
NPBK,1,paper,null,40,24,6.213255490503663,0.3163373984267132
NPBK,5,raw,null,40,31,23.85595359504457,0.08279647332820603
NPBK,5,paper,null,40,24,6.2041495599082435,0.3166234111074853
NPBK,10,raw,null,40,30,22.96165421424706,0.09004587446906909
NPBK,10,paper,null,40,25,6.770675610908676,0.3012308583287229
NPBK,50,raw,null,40,29,17.781304304558013,0.12106210875766625
NPBK,50,paper,null,40,15,3.633123582306452,0.42666327010996596
NPBK,100,raw,null,40,28,15.367739145787871,0.1330019094478061
NPBK,100,paper,null,40,10,2.999412204070534,0.47289972815345566
NPBK,300,raw,null,40,25,9.379910494199311,0.2222892634319601
NPBK,300,paper,null,40,6,2.540034788558082,0.5164905995904702
NPBK,1,raw,null,40,31,23.983134060068547,0.07896425003168125
NPBK,1,paper,null,40,25,6.197567037233613,0.31696665809576074
NPBK,5,raw,null,40,31,23.904457110881083,0.08189494572088057
NPBK,5,paper,null,40,25,6.19827229953732,0.3169258029690308
NPBK,10,raw,null,40,30,22.81674430089912,0.09186856686575953
NPBK,10,paper,null,40,25,6.780309016125238,0.3002266294504117
NPBK,50,raw,null,40,29,17.79663839936143,0.11930087792087378
NPBK,50,paper,null,40,15,3.599586390798445,0.42788153266436424
NPBK,100,raw,null,40,28,15.495019548598535,0.12768332997580784
NPBK,100,paper,null,40,10,3.0230449277516125,0.47066951219164593
NPBK,300,raw,null,40,25,9.379910494199311,0.2222892634319601
NPBK,300,paper,null,40,6,2.540034788558082,0.5164905995904702
NPBK,1,raw,null,40,31,23.98201757124831,0.07896567127989892
NPBK,1,paper,null,40,25,6.149185681373995,0.31941554946559336
NPBK,5,raw,null,40,31,23.853864013979816,0.0824607029592463
NPBK,5,paper,null,40,25,6.142641795883779,0.3195959400223579
NPBK,10,raw,null,40,30,22.690649336327848,0.09251982406756278
NPBK,10,paper,null,40,25,6.7941470959203025,0.3006941086073132
NPBK,50,raw,null,40,29,17.608944745062715,0.1229538957606091
NPBK,50,paper,null,40,15,3.571799358241119,0.43043286124949265
NPBK,100,raw,null,40,28,15.411016949421022,0.12710895443019035
NPBK,100,paper,null,40,10,2.9899436762622056,0.47344096057535856
NPBK,300,raw,null,40,25,9.379910494199311,0.2222892634319601
NPBK,300,paper,null,40,6,2.540034788558082,0.5164905995904702
NPBK,1,raw,null,40,31,23.98222873608516,0.07896897050815019
NPBK,1,paper,null,40,25,6.147883922757284,0.3192542026362532
NPBK,5,raw,null,40,31,23.87508957311679,0.08240538936839528
NPBK,5,paper,null,40,24,6.151552979328413,0.31903802455567837
NPBK,10,raw,null,40,30,22.843129439017723,0.09072973963217076
NPBK,10,paper,null,40,25,6.699374392949372,0.30408906771700855
NPBK,50,raw,null,40,29,17.701998256908986,0.11991116976692545
NPBK,50,paper,null,40,15,3.612139032640896,0.428500469704523
NPBK,100,raw,null,40,28,15.555681940584755,0.1272155951420418
NPBK,100,paper,null,40,10,3.0306176617507194,0.4709731620515546
NPBK,300,raw,null,40,25,9.379910494199311,0.2222892634319601
NPBK,300,paper,null,40,6,2.540034788558082,0.5164905995904702
NPBK,1,raw,null,40,31,23.983337753674206,0.0789663738274302
NPBK,1,paper,null,40,24,6.179003013550739,0.31574128108343685
NPBK,5,raw,null,40,31,23.939109421898873,0.08202289002207686
NPBK,5,paper,null,40,24,6.180776773797519,0.3155507595874356
NPBK,10,raw,null,40,30,22.90827716397638,0.09150131836149938
NPBK,10,paper,null,40,25,6.735724255675978,0.3002171627417451
NPBK,50,raw,null,40,29,17.956033491323794,0.11923335495542922
NPBK,50,paper,null,40,16,3.6712897799186353,0.4230777619148518
NPBK,100,raw,null,40,28,15.661572482777117,0.12631553728162573
NPBK,100,paper,null,40,10,3.0379977023665012,0.4697496338993879
NPBK,300,raw,null,40,25,9.379910494199311,0.2222892634319601
NPBK,300,paper,null,40,6,2.540034788558082,0.5164905995904702
NPBK,1,raw,null,40,31,23.981954384586686,0.07896343626447555
NPBK,1,paper,null,40,25,6.069470114049273,0.3215794212208754
NPBK,5,raw,null,40,31,23.826559520484334,0.08293594287167509
NPBK,5,paper,null,40,25,6.079972654039459,0.3212257569760335
NPBK,10,raw,null,40,30,22.854576890350053,0.09059911032726208
NPBK,10,paper,null,40,25,6.650884578187972,0.30556287402069116
NPBK,50,raw,null,40,29,17.86799189535596,0.11686443217176094
NPBK,50,paper,null,40,15,3.6574814730578527,0.42492089561986385
NPBK,100,raw,null,40,28,15.515832269303367,0.12694108354007688
NPBK,100,paper,null,40,10,2.9860268626910966,0.4744263752807186
NPBK,300,raw,null,40,25,9.379910494199311,0.2222892634319601
NPBK,300,paper,null,40,6,2.540034788558082,0.5164905995904702
NPBM,1,raw,real,62,54,38.80376769665108,0.06437859424576475
NPBM,1,paper,real,62,48,15.064183831088082,0.1801191393082756
NPBM,5,raw,real,62,53,29.976717946938454,0.1186788352491451
NPBM,5,paper,real,62,49,15.245908600949075,0.17804421351734614
NPBM,10,raw,real,62,53,22.12696323673328,0.1651383785723748
NPBM,10,paper,real,62,49,16.88862554374178,0.16568325243778712
NPBM,50,raw,real,62,51,11.629012802602004,0.26403060286069846
NPBM,50,paper,real,62,37,7.4642126436138305,0.30438689732048646
NPBM,100,raw,real,62,50,10.822432856390968,0.2714418719361691
NPBM,100,paper,real,62,27,4.937757211917728,0.3953711083694714
NPBM,300,raw,real,62,49,12.802989325832447,0.2154202828249223
NPBM,300,paper,real,62,13,3.2829254338665956,0.49754117825434996
NPBM,1,raw,null,62,54,39.80796425751808,0.058154498994073926
NPBM,1,paper,null,62,50,22.061208840773272,0.14845069769143013
NPBM,5,raw,null,62,54,40.099659729812664,0.05794446559793909
NPBM,5,paper,null,62,50,22.016358331262246,0.148585660334034
NPBM,10,raw,null,62,54,39.38822076824381,0.05900137830102106
NPBM,10,paper,null,62,50,24.07521441385328,0.13580418545485817
NPBM,50,raw,null,62,53,35.09559398929493,0.07394314942696623
NPBM,50,paper,null,62,40,8.992032107392454,0.28285604425999317
NPBM,100,raw,null,62,52,29.433210977584128,0.10180813888017236
NPBM,100,paper,null,62,30,5.370399435754165,0.38211028338284947
NPBM,300,raw,null,62,49,12.802989325832447,0.2154202828249223
NPBM,300,paper,null,62,13,3.2829254338665956,0.49754117825434996
NPBM,1,raw,null,62,54,39.808071036980614,0.05816196841346323
NPBM,1,paper,null,62,50,22.010386624425774,0.14809745842160346
NPBM,5,raw,null,62,54,40.089099351149756,0.05762267990418176
NPBM,5,paper,null,62,50,22.02462604755308,0.14824230193252147
NPBM,10,raw,null,62,54,39.390674070026755,0.058709497130424934
NPBM,10,paper,null,62,51,24.0556762521841,0.1357730408693896
NPBM,50,raw,null,62,53,35.281991255384995,0.07263779450367114
NPBM,50,paper,null,62,41,8.619364406603385,0.29020733949128086
NPBM,100,raw,null,62,52,29.531662809191122,0.10078620527878894
NPBM,100,paper,null,62,30,5.294706627261692,0.38332409276704177
NPBM,300,raw,null,62,49,12.802989325832447,0.2154202828249223
NPBM,300,paper,null,62,13,3.2829254338665956,0.49754117825434996
NPBM,1,raw,null,62,54,39.807705576809504,0.05815577383037223
NPBM,1,paper,null,62,50,21.801057612429613,0.14970964497106135
NPBM,5,raw,null,62,54,40.12807455887564,0.057620484358090064
NPBM,5,paper,null,62,50,21.752834943851656,0.14971053280100774
NPBM,10,raw,null,62,54,39.38218331650749,0.05849841542793202
NPBM,10,paper,null,62,50,23.83217959369572,0.13668354129066557
NPBM,50,raw,null,62,53,35.109015457014394,0.07514030573616594
NPBM,50,paper,null,62,40,8.854556731041914,0.28581997062809117
NPBM,100,raw,null,62,52,29.38537813461038,0.10246274022305397
NPBM,100,paper,null,62,30,5.3801209319591194,0.38022707929445726
NPBM,300,raw,null,62,49,12.802989325832447,0.2154202828249223
NPBM,300,paper,null,62,13,3.2829254338665956,0.49754117825434996
NPBM,1,raw,null,62,54,39.80800741062586,0.058164383086150157
NPBM,1,paper,null,62,50,21.93364150248258,0.14953541873111387
NPBM,5,raw,null,62,54,40.1558825538259,0.05758802474288472
NPBM,5,paper,null,62,50,21.90500330487442,0.14984702415147919
NPBM,10,raw,null,62,54,39.34614263334378,0.05882459647888542
NPBM,10,paper,null,62,51,23.90039122786844,0.13773037453668666
NPBM,50,raw,null,62,53,34.99134119981885,0.07493817753183353
NPBM,50,paper,null,62,40,8.949023919925615,0.2852162020270349
NPBM,100,raw,null,62,52,29.48020935917056,0.10291315557391277
NPBM,100,paper,null,62,30,5.53697539936082,0.3756896684437821
NPBM,300,raw,null,62,49,12.802989325832447,0.2154202828249223
NPBM,300,paper,null,62,13,3.2829254338665956,0.49754117825434996
NPBM,1,raw,null,62,54,39.808239386983644,0.05815315684364558
NPBM,1,paper,null,62,50,22.200731224525917,0.14748281899113688
NPBM,5,raw,null,62,54,40.106333600199775,0.057783743663164244
NPBM,5,paper,null,62,50,22.239473834693165,0.14737268974810425
NPBM,10,raw,null,62,54,39.33595664178397,0.05885149098093797
NPBM,10,paper,null,62,50,24.209375146027313,0.13498620932215996
NPBM,50,raw,null,62,53,35.118363906722884,0.07400346713938553
NPBM,50,paper,null,62,40,9.061905525253119,0.2826978384136079
NPBM,100,raw,null,62,52,29.345335383174525,0.10272423056070289
NPBM,100,paper,null,62,30,5.490303607970995,0.3762984486090477
NPBM,300,raw,null,62,49,12.802989325832447,0.2154202828249223
NPBM,300,paper,null,62,13,3.2829254338665956,0.49754117825434996
NPBM,1,raw,null,62,54,39.80798615476361,0.058155179446005414
NPBM,1,paper,null,62,50,21.839740519598042,0.1502362113270612
NPBM,5,raw,null,62,54,40.0801509253883,0.05786617654280083
NPBM,5,paper,null,62,50,21.81998603642029,0.1502973953202207
NPBM,10,raw,null,62,54,39.35203975860601,0.058844607185061494
NPBM,10,paper,null,62,51,23.94737347695913,0.13726698217567163
NPBM,50,raw,null,62,53,35.17046398695944,0.07291873934330516
NPBM,50,paper,null,62,40,8.635681652309497,0.2912740170690277
NPBM,100,raw,null,62,52,29.38512957465355,0.10187400876456205
NPBM,100,paper,null,62,30,5.268764639064546,0.38567018383440627
NPBM,300,raw,null,62,49,12.802989325832447,0.2154202828249223
NPBM,300,paper,null,62,13,3.2829254338665956,0.49754117825434996
NPBM,1,raw,null,62,54,39.807895713985616,0.058165632320846365
NPBM,1,paper,null,62,50,21.939958445101066,0.14992150009458668
NPBM,5,raw,null,62,54,40.1058822564067,0.05758869912590082
NPBM,5,paper,null,62,50,21.911586548113185,0.1500256471467104
NPBM,10,raw,null,62,54,39.39029841015135,0.058697712493228964
NPBM,10,paper,null,62,51,24.013274745824823,0.13694804096552354
NPBM,50,raw,null,62,53,35.13039076085347,0.07444797608040049
NPBM,50,paper,null,62,40,8.877057992521108,0.28604204472340033
NPBM,100,raw,null,62,52,29.317044222925027,0.10230711927927526
NPBM,100,paper,null,62,30,5.381274425243927,0.38112297660773986
NPBM,300,raw,null,62,49,12.802989325832447,0.2154202828249223
NPBM,300,paper,null,62,13,3.2829254338665956,0.49754117825434996
NPBM,1,raw,null,62,54,39.80777018643487,0.05815720025368752
NPBM,1,paper,null,62,50,22.03957150225112,0.1479458065684161
NPBM,5,raw,null,62,54,40.12855298875173,0.057835855384875214
NPBM,5,paper,null,62,50,22.004492290444222,0.14803815426666014
NPBM,10,raw,null,62,54,39.40022037258339,0.059079308807801434
NPBM,10,paper,null,62,51,24.096979087436218,0.13517443114906638
NPBM,50,raw,null,62,53,34.96711525504108,0.07522577370463394
NPBM,50,paper,null,62,40,9.105980127099555,0.28134504912200675
NPBM,100,raw,null,62,52,29.56729268490699,0.10115491118305851
NPBM,100,paper,null,62,30,5.31493464753599,0.38468016844905034
NPBM,300,raw,null,62,49,12.802989325832447,0.2154202828249223
NPBM,300,paper,null,62,13,3.2829254338665956,0.49754117825434996
NPBM,1,raw,null,62,54,39.80788756274718,0.058158612561073623
NPBM,1,paper,null,62,50,21.989134448739218,0.1487998524107811
NPBM,5,raw,null,62,54,40.14306483101664,0.05758564718177914
NPBM,5,paper,null,62,50,22.017008792292263,0.14882790772682378
NPBM,10,raw,null,62,54,39.45738224597741,0.05836039348752545
NPBM,10,paper,null,62,51,24.075501400622326,0.13635055734694823
NPBM,50,raw,null,62,53,35.08614365447712,0.07512337635381398
NPBM,50,paper,null,62,40,8.939026990987637,0.28466375073939043
NPBM,100,raw,null,62,52,29.464954564969332,0.10267308104769317
NPBM,100,paper,null,62,30,5.464261300933794,0.3772627703655295
NPBM,300,raw,null,62,49,12.802989325832447,0.2154202828249223
NPBM,300,paper,null,62,13,3.2829254338665956,0.49754117825434996
NPBM,1,raw,null,62,54,39.807534209336424,0.058161583566855586
NPBM,1,paper,null,62,50,21.743176841659363,0.15222250440903567
NPBM,5,raw,null,62,54,40.08449315100925,0.057693592343683514
NPBM,5,paper,null,62,50,21.725475057036952,0.15210949605596172
NPBM,10,raw,null,62,54,39.348031322299626,0.05851106497068035
NPBM,10,paper,null,62,51,24.015647634052513,0.1379400759404052
NPBM,50,raw,null,62,53,35.09668800786922,0.07446199669014962
NPBM,50,paper,null,62,40,8.66020665186438,0.29173904126864486
NPBM,100,raw,null,62,52,29.453102127538248,0.10275314196723445
NPBM,100,paper,null,62,30,5.256982016485828,0.3873992691900338
NPBM,300,raw,null,62,49,12.802989325832447,0.2154202828249223
NPBM,300,paper,null,62,13,3.2829254338665956,0.49754117825434996
NPBN,1,raw,real,61,46,24.45236508035194,0.12694143872456998
NPBN,1,paper,real,61,38,5.215249081417153,0.4211454764833182
NPBN,5,raw,real,61,44,9.685768858037658,0.2950812736573921
NPBN,5,paper,real,61,38,5.310647884693408,0.4170849992684329
NPBN,10,raw,real,61,42,5.738614330264246,0.402077330443188
NPBN,10,paper,real,61,39,5.97085207264711,0.39048571671444043
NPBN,50,raw,real,61,37,3.1988981200795186,0.5517806086821275
NPBN,50,paper,real,61,27,4.268073421824807,0.4639647847543507
NPBN,100,raw,real,61,37,3.1471633868928075,0.5559095185731223
NPBN,100,paper,real,61,21,5.452219509632349,0.3794861652674098
NPBN,300,raw,real,61,37,3.9173535166689755,0.4919335152175765
NPBN,300,paper,real,61,10,4.920597583051533,0.3261133283005778
NPBN,1,raw,null,61,47,27.483496202145176,0.08959798442293651
NPBN,1,paper,null,61,40,16.978875061086377,0.15097077382928129
NPBN,5,raw,null,61,45,22.958296413387004,0.11368197096432996
NPBN,5,paper,null,61,40,17.163606636108174,0.14875409378559362
NPBN,10,raw,null,61,43,18.867433394362113,0.13709992231148918
NPBN,10,paper,null,61,40,17.991978229775075,0.14262098249538352
NPBN,50,raw,null,61,40,13.806304928549832,0.1894844280277326
NPBN,50,paper,null,61,31,14.42161446382607,0.1413288709432701
NPBN,100,raw,null,61,40,11.508196697517052,0.23536158312267963
NPBN,100,paper,null,61,23,11.107354917079006,0.1880316403614545
NPBN,300,raw,null,61,37,3.9173535166689755,0.4919335152175765
NPBN,300,paper,null,61,10,4.920597583051533,0.3261133283005778
NPBN,1,raw,null,61,47,27.48450183514449,0.08949627105245572
NPBN,1,paper,null,61,40,16.812101848825662,0.14154135975822138
NPBN,5,raw,null,61,45,22.990591164961334,0.11245085417398243
NPBN,5,paper,null,61,40,16.947272047779638,0.1406284997037498
NPBN,10,raw,null,61,43,18.915214573597847,0.13525591233348355
NPBN,10,paper,null,61,41,17.629344868148124,0.13600689303732924
NPBN,50,raw,null,61,41,14.126458265434493,0.18156245461824072
NPBN,50,paper,null,61,30,12.318816053589261,0.19229316751826345
NPBN,100,raw,null,61,40,11.96539775085319,0.22400880588461106
NPBN,100,paper,null,61,23,10.717129757741358,0.18596614407232404
NPBN,300,raw,null,61,37,3.9173535166689755,0.4919335152175765
NPBN,300,paper,null,61,10,4.920597583051533,0.3261133283005778
NPBN,1,raw,null,61,47,27.48456020539508,0.08957177878787217
NPBN,1,paper,null,61,40,15.974324940491927,0.15537311281524088
NPBN,5,raw,null,61,45,22.99773268935686,0.11347851424946896
NPBN,5,paper,null,61,40,16.0548005694604,0.15478861561212293
NPBN,10,raw,null,61,43,18.94058916122379,0.13662985888817952
NPBN,10,paper,null,61,40,16.931439740977286,0.14700178197829902
NPBN,50,raw,null,61,41,13.988459648488885,0.18628217199806213
NPBN,50,paper,null,61,30,13.183149403725329,0.16341427993332686
NPBN,100,raw,null,61,40,11.71483660752939,0.2310657580164703
NPBN,100,paper,null,61,23,10.571660432915506,0.1968804750159494
NPBN,300,raw,null,61,37,3.9173535166689755,0.4919335152175765
NPBN,300,paper,null,61,10,4.920597583051533,0.3261133283005778
NPBN,1,raw,null,61,47,27.484583534170152,0.0895010852838873
NPBN,1,paper,null,61,40,16.925201416570193,0.15138529255748048
NPBN,5,raw,null,61,45,23.106246579061125,0.11080229682310748
NPBN,5,paper,null,61,40,17.045893119443843,0.15013602818800267
NPBN,10,raw,null,61,44,18.88017358722857,0.13384050238912962
NPBN,10,paper,null,61,41,17.80211790105915,0.1442671457250246
NPBN,50,raw,null,61,41,14.04700389731387,0.18114044840080865
NPBN,50,paper,null,61,31,12.794904626527869,0.17547045472910086
NPBN,100,raw,null,61,40,11.998794910854054,0.2236933339609358
NPBN,100,paper,null,61,24,10.45819941348782,0.1946491560138313
NPBN,300,raw,null,61,37,3.9173535166689755,0.4919335152175765
NPBN,300,paper,null,61,10,4.920597583051533,0.3261133283005778
NPBN,1,raw,null,61,47,27.484447634957565,0.089487501769
NPBN,1,paper,null,61,40,16.591469718288177,0.15096617485499478
NPBN,5,raw,null,61,45,23.095998503156377,0.11166969423681077
NPBN,5,paper,null,61,40,16.690834779344275,0.14919262049004614
NPBN,10,raw,null,61,44,18.978134692566744,0.13394279891003458
NPBN,10,paper,null,61,41,17.60704919713715,0.14423255530677045
NPBN,50,raw,null,61,41,13.992753170255074,0.18677983709957005
NPBN,50,paper,null,61,31,12.874510176797028,0.16995612936430848
NPBN,100,raw,null,61,40,11.540016908344125,0.235124431729534
NPBN,100,paper,null,61,23,10.20596923297321,0.20780159972298715
NPBN,300,raw,null,61,37,3.9173535166689755,0.4919335152175765
NPBN,300,paper,null,61,10,4.920597583051533,0.3261133283005778
NPBN,1,raw,null,61,47,27.484728541607744,0.08957144213001068
NPBN,1,paper,null,61,40,16.2407604047784,0.14490433999245234
NPBN,5,raw,null,61,45,22.99576541761819,0.1133311194587438
NPBN,5,paper,null,61,40,16.29993478358469,0.1463370951301982
NPBN,10,raw,null,61,43,18.89795743158077,0.13746207689931136
NPBN,10,paper,null,61,41,17.454483412307912,0.13955905594267984
NPBN,50,raw,null,61,41,14.007063058748699,0.18503238253656126
NPBN,50,paper,null,61,31,12.818886056186296,0.17456921572313416
NPBN,100,raw,null,61,40,11.573493369204334,0.2331797418592047
NPBN,100,paper,null,61,23,10.310781776078036,0.20361537063211957
NPBN,300,raw,null,61,37,3.9173535166689755,0.4919335152175765
NPBN,300,paper,null,61,10,4.920597583051533,0.3261133283005778
NPBN,1,raw,null,61,47,27.484426388805073,0.08951382853556575
NPBN,1,paper,null,61,40,15.982399650894132,0.15029839859560074
NPBN,5,raw,null,61,45,23.053779665199386,0.11215687229966498
NPBN,5,paper,null,61,40,16.103556640952686,0.14949922124877715
NPBN,10,raw,null,61,44,18.91334512795203,0.13568382440028182
NPBN,10,paper,null,61,41,16.82654204227419,0.14469917729094728
NPBN,50,raw,null,61,41,13.963004378496658,0.18231390189257873
NPBN,50,paper,null,61,30,12.262362164423767,0.1713081392579587
NPBN,100,raw,null,61,40,11.778429828911609,0.22697031715114385
NPBN,100,paper,null,61,22,10.21476231443227,0.20325780072180374
NPBN,300,raw,null,61,37,3.9173535166689755,0.4919335152175765
NPBN,300,paper,null,61,10,4.920597583051533,0.3261133283005778
NPBN,1,raw,null,61,47,27.484711948065,0.08956139931016843
NPBN,1,paper,null,61,40,16.574079756905984,0.150993240316598
NPBN,5,raw,null,61,45,23.11444679994587,0.11223809268439254
NPBN,5,paper,null,61,40,16.579052755771098,0.15073579639627618
NPBN,10,raw,null,61,44,19.00784261844767,0.13552950186170823
NPBN,10,paper,null,61,41,17.46292145994254,0.14457733209739274
NPBN,50,raw,null,61,41,14.162068747664813,0.18369801460725538
NPBN,50,paper,null,61,31,13.289616759643359,0.1672382313236269
NPBN,100,raw,null,61,40,11.952039600787952,0.22523633125061315
NPBN,100,paper,null,61,23,10.37769725851868,0.20351471389291656
NPBN,300,raw,null,61,37,3.9173535166689755,0.4919335152175765
NPBN,300,paper,null,61,10,4.920597583051533,0.3261133283005778
NPBN,1,raw,null,61,47,27.48359661857845,0.08952988313144963
NPBN,1,paper,null,61,41,17.457115594899264,0.13978862028373598
NPBN,5,raw,null,61,45,22.960429692595675,0.11265807750960134
NPBN,5,paper,null,61,41,17.587351240618386,0.13842990108380923
NPBN,10,raw,null,61,44,18.94003445064194,0.1356544700580872
NPBN,10,paper,null,61,41,18.508003634149844,0.13233940768169788
NPBN,50,raw,null,61,41,14.002176116542504,0.18391295973639973
NPBN,50,paper,null,61,31,13.107295582120749,0.16218827763360202
NPBN,100,raw,null,61,40,11.762277442028108,0.23028274356652476
NPBN,100,paper,null,61,24,10.374255511152889,0.20352226810315213
NPBN,300,raw,null,61,37,3.9173535166689755,0.4919335152175765
NPBN,300,paper,null,61,10,4.920597583051533,0.3261133283005778
NPBN,1,raw,null,61,47,27.48512626974701,0.08953177354261477
NPBN,1,paper,null,61,40,16.99919038835879,0.14196656533860827
NPBN,5,raw,null,61,45,23.04807143978098,0.11251451896240519
NPBN,5,paper,null,61,40,16.960168477253205,0.142144450389866
NPBN,10,raw,null,61,44,18.84888819570054,0.13658897141741752
NPBN,10,paper,null,61,41,17.997092213696938,0.13630503841871147
NPBN,50,raw,null,61,41,13.923611375134596,0.18453129012712538
NPBN,50,paper,null,61,31,12.733378857314165,0.17605568412964717
NPBN,100,raw,null,61,40,11.72269274031702,0.23076772128949577
NPBN,100,paper,null,61,22,10.29426156129962,0.18897446475525942
NPBN,300,raw,null,61,37,3.9173535166689755,0.4919335152175765
NPBN,300,paper,null,61,10,4.920597583051533,0.3261133283005778
NPBO,1,raw,real,36,29,21.48646266477429,0.09389124660822662
NPBO,1,paper,real,36,25,8.39073311366578,0.2810825813160045
NPBO,5,raw,real,36,29,16.52265803633045,0.16726557599865652
NPBO,5,paper,real,36,25,8.48084045518125,0.2790134250343933
NPBO,10,raw,real,36,28,11.616818884107921,0.23884985289071123
NPBO,10,paper,real,36,26,9.272380773472246,0.26146593005608326
NPBO,50,raw,real,36,25,5.5039654514178356,0.3976771842724714
NPBO,50,paper,real,36,19,4.785815184951428,0.40436406585391893
NPBO,100,raw,real,36,25,5.759333958900915,0.3756612325778133
NPBO,100,paper,real,36,13,3.5141754902788147,0.49888352750870735
NPBO,300,raw,real,36,22,6.000403004988073,0.3392595583097542
NPBO,300,paper,real,36,7,2.517375396803602,0.6072491298137728
NPBO,1,raw,null,36,29,21.84972362902133,0.08610549319881154
NPBO,1,paper,null,36,26,13.317842068484053,0.19099680981576542
NPBO,5,raw,null,36,29,21.355810181654505,0.0849743724775239
NPBO,5,paper,null,36,26,13.295043130170338,0.1912462923727697
NPBO,10,raw,null,36,29,20.300934537663657,0.09704672515630935
NPBO,10,paper,null,36,27,14.180980098716255,0.1775527419768108
NPBO,50,raw,null,36,27,16.799890973461643,0.12785000519413672
NPBO,50,paper,null,36,21,6.466380877064684,0.3509704299695493
NPBO,100,raw,null,36,27,13.386740799876941,0.18041488845499978
NPBO,100,paper,null,36,16,4.057963264922314,0.46697122366342614
NPBO,300,raw,null,36,22,6.000403004988073,0.3392595583097542
NPBO,300,paper,null,36,7,2.517375396803602,0.6072491298137728
NPBO,1,raw,null,36,29,21.848581573348426,0.08625760155684781
NPBO,1,paper,null,36,26,13.016587530267003,0.19583309630367685
NPBO,5,raw,null,36,29,21.41567522329124,0.0854016101529055
NPBO,5,paper,null,36,26,13.013420823283745,0.1965627660836281
NPBO,10,raw,null,36,29,20.34823341411146,0.0958840616652948
NPBO,10,paper,null,36,27,13.882470492056841,0.18357876731788716
NPBO,50,raw,null,36,27,16.71982259116744,0.13055726205978951
NPBO,50,paper,null,36,21,6.323545652716877,0.35480803959990864
NPBO,100,raw,null,36,26,13.279467883537663,0.18375687228439413
NPBO,100,paper,null,36,16,4.182062041806849,0.4568388035885588
NPBO,300,raw,null,36,22,6.000403004988073,0.3392595583097542
NPBO,300,paper,null,36,7,2.517375396803602,0.6072491298137728
NPBO,1,raw,null,36,29,21.849487631961253,0.08609185029096579
NPBO,1,paper,null,36,26,13.0449528104982,0.20065340993842584
NPBO,5,raw,null,36,29,21.395866565209836,0.08502490832854988
NPBO,5,paper,null,36,26,13.045721419319522,0.20094233096433278
NPBO,10,raw,null,36,29,20.30641838945577,0.09567724078431811
NPBO,10,paper,null,36,27,13.938623777549301,0.18672632710504522
NPBO,50,raw,null,36,27,16.825870085560158,0.12924009275779225
NPBO,50,paper,null,36,21,6.364636982726862,0.3541241749752195
NPBO,100,raw,null,36,26,13.342198590672075,0.18315466263306565
NPBO,100,paper,null,36,16,3.9537682892619728,0.47456482366984104
NPBO,300,raw,null,36,22,6.000403004988073,0.3392595583097542
NPBO,300,paper,null,36,7,2.517375396803602,0.6072491298137728
NPBO,1,raw,null,36,29,21.850018256343915,0.08605373084918637
NPBO,1,paper,null,36,26,13.11661118178146,0.19973803092324244
NPBO,5,raw,null,36,29,21.401665565248337,0.08527433031795531
NPBO,5,paper,null,36,26,13.079042351569615,0.20092988147326712
NPBO,10,raw,null,36,29,20.322994301887643,0.09615005599773561
NPBO,10,paper,null,36,27,13.950233860845966,0.1891055555471269
NPBO,50,raw,null,36,27,16.81949407242567,0.1298342896787861
NPBO,50,paper,null,36,21,6.17175340596753,0.3594300961749913
NPBO,100,raw,null,36,26,13.383135517838632,0.18162249247184942
NPBO,100,paper,null,36,16,4.013189721322399,0.4681087390191819
NPBO,300,raw,null,36,22,6.000403004988073,0.3392595583097542
NPBO,300,paper,null,36,7,2.517375396803602,0.6072491298137728
NPBO,1,raw,null,36,29,21.849821673874146,0.08619980129329814
NPBO,1,paper,null,36,27,12.75397991452195,0.20204627667121147
NPBO,5,raw,null,36,29,21.45501190602576,0.0853642289074984
NPBO,5,paper,null,36,27,12.79597124007511,0.20147717928086248
NPBO,10,raw,null,36,29,20.321599208791397,0.09565158495551564
NPBO,10,paper,null,36,27,13.621106389260783,0.1887338619293042
NPBO,50,raw,null,36,27,16.9359317400263,0.12767546734991167
NPBO,50,paper,null,36,21,6.285066233992217,0.3566465056986741
NPBO,100,raw,null,36,26,13.520798458498684,0.18090136229662024
NPBO,100,paper,null,36,16,4.047426224043839,0.46620574675859683
NPBO,300,raw,null,36,22,6.000403004988073,0.3392595583097542
NPBO,300,paper,null,36,7,2.517375396803602,0.6072491298137728
NPBO,1,raw,null,36,29,21.849300806165786,0.08612302950097911
NPBO,1,paper,null,36,26,12.880165248972062,0.20375422437477564
NPBO,5,raw,null,36,29,21.41448642862012,0.08519896105481116
NPBO,5,paper,null,36,26,12.874827605465564,0.20373829660516776
NPBO,10,raw,null,36,29,20.311999253284196,0.0966161351669473
NPBO,10,paper,null,36,27,13.763615491738516,0.18973458150866954
NPBO,50,raw,null,36,27,16.835494893641933,0.127861429060641
NPBO,50,paper,null,36,21,6.416962929240393,0.35076345433069867
NPBO,100,raw,null,36,27,13.318418058454917,0.1838084120535479
NPBO,100,paper,null,36,16,4.144074501306093,0.4603981125171729
NPBO,300,raw,null,36,22,6.000403004988073,0.3392595583097542
NPBO,300,paper,null,36,7,2.517375396803602,0.6072491298137728
NPBO,1,raw,null,36,29,21.849378586445436,0.08612671200451269
NPBO,1,paper,null,36,27,12.950151703641666,0.20463756575757458
NPBO,5,raw,null,36,29,21.42253630053969,0.08519448760898686
NPBO,5,paper,null,36,27,12.973240775545957,0.2041577458379077
NPBO,10,raw,null,36,29,20.349813633765883,0.09440425279802474
NPBO,10,paper,null,36,27,13.934529555298818,0.19023034419131082
NPBO,50,raw,null,36,27,16.85507008992935,0.12912232831254694
NPBO,50,paper,null,36,21,6.355566440599199,0.35313368178806853
NPBO,100,raw,null,36,26,13.474731923989767,0.17942324421539052
NPBO,100,paper,null,36,16,4.124433163632026,0.4625313010271295
NPBO,300,raw,null,36,22,6.000403004988073,0.3392595583097542
NPBO,300,paper,null,36,7,2.517375396803602,0.6072491298137728
NPBO,1,raw,null,36,29,21.849162084287197,0.08611096135426849
NPBO,1,paper,null,36,26,13.030091859124378,0.1997542106411709
NPBO,5,raw,null,36,29,21.40863510945005,0.08408942317801463
NPBO,5,paper,null,36,26,13.03162002943794,0.20002546541048824
NPBO,10,raw,null,36,29,20.35360297675321,0.09557635326082804
NPBO,10,paper,null,36,27,13.9654458397143,0.18582476695363404
NPBO,50,raw,null,36,27,16.76089634501709,0.12915780155123302
NPBO,50,paper,null,36,21,6.596409168180672,0.34418578004921024
NPBO,100,raw,null,36,26,13.436326795118196,0.18136729224116394
NPBO,100,paper,null,36,15,4.270650120255729,0.45199045421838374
NPBO,300,raw,null,36,22,6.000403004988073,0.3392595583097542
NPBO,300,paper,null,36,7,2.517375396803602,0.6072491298137728
NPBO,1,raw,null,36,29,21.84974153247576,0.08617435440082448
NPBO,1,paper,null,36,27,13.226614779106102,0.1985112378631188
NPBO,5,raw,null,36,29,21.349721584504586,0.08627165859827202
NPBO,5,paper,null,36,27,13.233846118420436,0.19887672817053575
NPBO,10,raw,null,36,29,20.33280964115406,0.0967730206108806
NPBO,10,paper,null,36,27,14.106540627118344,0.18643002149141097
NPBO,50,raw,null,36,27,16.810876009245085,0.1294062157366934
NPBO,50,paper,null,36,21,6.472007787276282,0.3512040343827627
NPBO,100,raw,null,36,26,13.54145682977211,0.1796137922859762
NPBO,100,paper,null,36,16,3.9608170482679093,0.47316827507913267
NPBO,300,raw,null,36,22,6.000403004988073,0.3392595583097542
NPBO,300,paper,null,36,7,2.517375396803602,0.6072491298137728
NPBO,1,raw,null,36,29,21.849644393711596,0.08621038814466496
NPBO,1,paper,null,36,26,13.024727312572695,0.2036777788007024
NPBO,5,raw,null,36,29,21.424803321341074,0.08577753794180555
NPBO,5,paper,null,36,26,13.03055323187515,0.20348894073623047
NPBO,10,raw,null,36,29,20.23776050315332,0.09684051039040482
NPBO,10,paper,null,36,27,13.936105356751028,0.18961176964494028
NPBO,50,raw,null,36,27,16.897524730575885,0.12990202679200138
NPBO,50,paper,null,36,21,6.15768428278554,0.36319815776090014
NPBO,100,raw,null,36,26,13.301287164191725,0.18410592255764274
NPBO,100,paper,null,36,16,4.053110766282491,0.4668105436493209
NPBO,300,raw,null,36,22,6.000403004988073,0.3392595583097542
NPBO,300,paper,null,36,7,2.517375396803602,0.6072491298137728
